{
  "model": "Qwen/Qwen2.5-0.5B",
  "n_sequences": 64,
  "seq_len": 128,
  "baselines": {
    "2": 754.1361083984375,
    "3": 1648.3660888671875,
    "5": 1677.8487548828125,
    "21": 59.44505310058594
  },
  "per_head_pos0_norm_after_ablation": {
    "2": [
      975.206787109375,
      1005.6207275390625,
      984.3072509765625,
      878.8477783203125,
      981.594970703125,
      48.684696197509766,
      632.5211181640625,
      767.3128662109375,
      782.4884643554688,
      780.6102905273438,
      752.356201171875,
      771.693603515625,
      790.5877685546875,
      674.0167236328125
    ],
    "3": [
      1648.3480224609375,
      1648.3809814453125,
      1648.157958984375,
      1648.384033203125,
      1648.3135986328125,
      1648.25634765625,
      1648.43359375,
      1648.33642578125,
      1648.371337890625,
      1648.2236328125,
      1648.30078125,
      1648.04931640625,
      1648.3232421875,
      1648.26708984375
    ],
    "5": [
      1677.86328125,
      1677.859130859375,
      1677.866455078125,
      1677.8603515625,
      1677.85546875,
      1677.8603515625,
      1677.858642578125,
      1677.852783203125,
      1678.8465576171875,
      1677.852783203125,
      1677.877685546875,
      1677.8619384765625,
      1678.8516845703125,
      1678.862060546875
    ],
    "21": [
      57.65245056152344,
      57.434715270996094,
      57.75917053222656,
      57.932823181152344,
      57.83832931518555,
      58.11333465576172,
      57.71282196044922,
      59.35222625732422,
      59.31891632080078,
      60.18241882324219,
      59.726402282714844,
      59.320587158203125,
      59.219970703125,
      59.353004455566406
    ]
  },
  "mlp_pos0_norm_after_ablation": {
    "2": 10.889568328857422,
    "3": 754.1651000976562,
    "5": 1649.30078125,
    "21": 1682.0146484375
  }
}