{
  "model": "Qwen/Qwen2.5-0.5B",
  "n_sequences": 128,
  "seq_len": 256,
  "n_layers": 24,
  "d_model": 896,
  "residual_rms_norm": {
    "pos_0": [
      0.4411883618175748,
      8.1721718553705,
      10.609295087690342,
      753.9587721342097,
      1646.9112946664736,
      1648.992504910195,
      1676.376221012157,
      1677.4338753733334,
      1678.4393234490187,
      1679.3239059961006,
      1680.342134060799,
      1682.2573236948622,
      1683.1923306250537,
      1684.1704421242525,
      1685.0275081211582,
      1685.94646081956,
      1687.7099591606373,
      1687.6358463839288,
      1687.3743564336871,
      1686.133168673222,
      1683.9358332861143,
      1680.6025798058267,
      60.949298487217916,
      60.32475448792411,
      277.973099319543
    ],
    "pos_1": [
      0.46145277701230314,
      6.53118153586392,
      9.323495275063667,
      11.385508807694503,
      13.576155086150782,
      15.461939535877141,
      15.86512094523113,
      16.313067430003166,
      17.017842354108296,
      17.312429269584193,
      18.68733184636734,
      18.129645863697018,
      17.974541303063674,
      18.70056986424961,
      19.580458615380362,
      20.50251456864975,
      21.7512658726424,
      28.21115290544494,
      33.429056916303765,
      37.68776063844757,
      44.65755132403465,
      56.882477321195225,
      75.6759856054963,
      84.82468006940523,
      274.7683350378153
    ],
    "pos_2": [
      0.4613882059611784,
      6.140804647288172,
      8.80754087799747,
      10.300090328301941,
      12.124982656879409,
      14.073776640500473,
      14.793995078489964,
      15.403606288554965,
      16.030006553805624,
      16.76572420316643,
      17.662470709148074,
      17.83954342296335,
      17.515515669958745,
      18.48964344570077,
      19.47476676438883,
      20.5197236149934,
      22.299139515992238,
      28.286165499425486,
      33.53229025500784,
      37.89232689879543,
      45.02036146875482,
      57.23217349305597,
      76.26997068935505,
      84.16860244589613,
      281.1438675617488
    ],
    "pos_3": [
      0.4677075347587364,
      6.023297358959429,
      8.703847666790566,
      10.116954055508362,
      11.561188412070345,
      13.348512250889003,
      14.177858109597045,
      14.984086750905675,
      15.59548393195801,
      16.257542253674288,
      17.12770933451784,
      17.48765215531443,
      17.151404302728803,
      18.216474492396408,
      19.210937450357743,
      20.389619415158773,
      22.36008407993238,
      27.87989093655198,
      33.18596569473001,
      37.6999680374779,
      45.2794881600341,
      57.733824607280084,
      76.9595597325538,
      83.88695221518735,
      282.75396839058686
    ],
    "pos_4_to_7": [
      0.46259733191011343,
      6.028468775562301,
      8.633733564611694,
      10.015456368172401,
      11.573823833457862,
      13.225168353957145,
      14.081296922233633,
      14.959242979075801,
      15.536179732479283,
      16.242310460389618,
      16.930935715056187,
      17.40051729619865,
      17.115984546713605,
      18.21627416231596,
      19.21462860801255,
      20.390738205134,
      22.511482327691276,
      27.741651818099015,
      33.12172653870824,
      37.570654539331926,
      45.180969215961554,
      57.508434265252895,
      75.50660579913402,
      82.20169056374289,
      283.6498237537146
    ],
    "pos_8_to_15": [
      0.45956333142542416,
      5.9215512985323375,
      8.482723815691179,
      10.009660541452066,
      11.417684311808799,
      12.992366052813395,
      13.881347306976155,
      14.925459026096998,
      15.533408537893855,
      16.202605390621393,
      16.7186114384939,
      17.28373607025619,
      17.021074220569062,
      18.15664442806574,
      19.009998434705487,
      20.456442330028455,
      22.83100461087431,
      27.897780608388853,
      33.36479916636554,
      37.80913255594977,
      45.34984217134243,
      57.77941401828578,
      75.04477677868417,
      80.96787914360857,
      285.06198062349745
    ],
    "pos_16_to_127": [
      0.4522185795703306,
      5.7251898056223345,
      8.26484439755018,
      9.888191584221024,
      11.110103351002257,
      12.407083416738052,
      13.353809053557853,
      14.70563089866813,
      15.305780036879055,
      15.895901048598713,
      16.082831044789646,
      16.647909439736715,
      16.726003376350686,
      17.745360726927878,
      18.399528634573333,
      20.28653362880097,
      23.047466558199876,
      27.68670404057806,
      33.384857490942316,
      37.85284540263992,
      44.961679821327024,
      57.660742603981596,
      73.57813757792373,
      78.9811527877034,
      283.813014845087
    ]
  },
  "layer_write_rms_norm": {
    "pos_0": [
      8.172220430677218,
      5.77544198966382,
      751.0638925571678,
      899.1365649888786,
      4.635003818028924,
      28.476852654128773,
      4.99196036811603,
      3.323397802878941,
      4.21795584656716,
      3.635491111707256,
      4.394591457378362,
      4.050925301001768,
      3.4650789286416197,
      4.0450797351810595,
      3.483819292855547,
      5.19104316078913,
      3.3241325483789073,
      5.1164028701852615,
      4.975675722459507,
      9.099093358494255,
      9.692439585790904,
      1632.7392962059191,
      49.323688509365816,
      267.17562108096615
    ],
    "pos_1": [
      6.527341138381481,
      5.817003884236647,
      6.8705994394056455,
      7.468957219780582,
      7.418983153075596,
      6.6342529961269845,
      6.373581522787036,
      6.268511366557058,
      5.804261747742101,
      5.722861047406664,
      4.948149290806995,
      4.748616657097019,
      4.958128655106642,
      5.628667187031772,
      6.217138704663055,
      7.422469506796943,
      12.377064426734934,
      11.709877602404193,
      11.161737668447321,
      16.104039874776486,
      22.895667948196387,
      30.81917563155911,
      27.963834703605414,
      260.7554141074124
    ],
    "pos_2": [
      6.140269077459476,
      5.375570255901575,
      5.98467559657104,
      6.983946102209648,
      7.416889982040419,
      6.794129073473631,
      6.634629925049548,
      6.58407165415176,
      6.537500119619569,
      5.409276985853962,
      4.909453785614393,
      5.169250502334188,
      5.106942440601203,
      5.441415473179829,
      6.271956291489209,
      7.711420556178183,
      12.09080244709578,
      11.391514705452735,
      10.97003048978618,
      15.970187934290415,
      22.732029115437058,
      30.358528286390566,
      27.70692348096243,
      265.6519319986387
    ],
    "pos_3": [
      6.023206891940751,
      5.233515107992868,
      5.434408361278791,
      6.172824149243655,
      6.841933754072542,
      6.552924645471323,
      6.478535037720341,
      6.461212484465217,
      6.453168873487689,
      5.474420724558704,
      5.037117492503577,
      5.21659269686694,
      5.227124741310299,
      5.46445223187701,
      6.442272010117529,
      7.868648010877647,
      11.629731722728042,
      11.25972101048864,
      11.043538303213655,
      16.249898499391914,
      22.889432137821135,
      30.252367857009318,
      27.425765949913835,
      265.6664733247839
    ],
    "pos_4_to_7": [
      6.02891474179493,
      5.093654703473306,
      5.106993067862424,
      6.127384036919244,
      6.737785696522456,
      6.5337905860351935,
      6.559463077624555,
      6.603131722510741,
      6.530008786883516,
      5.459581873443327,
      5.144980096816895,
      5.275281709256906,
      5.362578927216212,
      5.5247676002327015,
      6.678384623072069,
      8.101955387748921,
      11.445643686209257,
      11.682473168039797,
      11.361318544759296,
      16.6309624478408,
      22.886563290822235,
      29.387539237247452,
      27.288398046345577,
      264.95454903350935
    ],