{
  "model": "Qwen/Qwen2.5-0.5B",
  "layer": 10,
  "mean_register_norm": 1681.0404052734375,
  "cos_register_unembed_mean": -0.003364263102412224,
  "cos_register_top_pcs": [
    -0.00581969041377306,
    -0.006519060581922531,
    -0.032241709530353546,
    -0.0797940045595169,
    -0.024280456826090813,
    -0.015974940732121468,
    -0.021565232425928116,
    0.012816833332180977,
    0.023649021983146667,
    -0.01943153515458107
  ],
  "top_pc_explained_var": [
    0.03179364087930365,
    0.006904864041730252,
    0.006494586134816742,
    0.00418742381944274,
    0.004060221864712755,
    0.0032292953386933486,
    0.0029775044727283783,
    0.0028097592996175176,
    0.0025961552131694063,
    0.0024219722089777887
  ],
  "register_norm_in_top_K_pcs": {
    "1": 3.386878871340623e-05,
    "2": 7.636714528791519e-05,
    "5": 0.008072514692888052,
    "10": 0.009893901702802948,
    "50": 0.10280871409262785,
    "100": 0.2487575416252418
  }
}