{
  "model": "openai-community/gpt2",
  "n_sequences": 64,
  "seq_len": 128,
  "baselines": {
    "1": 627.0355224609375,
    "2": 2568.18603515625,
    "11": 72.58876037597656
  },
  "per_head_pos0_norm_after_ablation": {
    "1": [
      631.248779296875,
      643.4988403320312,
      628.575439453125,
      629.672607421875,
      650.884765625,
      626.9764404296875,
      627.3013916015625,
      624.2526245117188,
      629.9124755859375,
      600.0635986328125,
      590.665771484375,
      628.9149780273438
    ],
    "2": [
      2563.572509765625,
      2568.57958984375,
      2569.0224609375,
      2566.78564453125,
      2570.47216796875,
      2561.4404296875,
      2567.056396484375,
      2568.12841796875,
      2568.7109375,
      2570.586181640625,
      2573.19677734375,
      2568.2314453125
    ],
    "11": [
      77.5847396850586,
      73.09989929199219,
      70.41682434082031,
      72.8692855834961,
      74.44335174560547,
      74.1277084350586,
      72.06144714355469,
      71.87467193603516,
      16.700000762939453,
      71.69429016113281,
      74.28388977050781,
      51.45078659057617
    ]
  },
  "mlp_pos0_norm_after_ablation": {
    "1": 161.26885986328125,
    "2": 627.9810180664062,
    "11": 69.4084243774414
  }
}