{
  "model": "openai-community/gpt2",
  "n_sequences": 128,
  "seq_len": 256,
  "n_layers": 12,
  "d_model": 768,
  "residual_rms_norm": {
    "pos_0": [
      10.328567126069137,
      133.2327423085139,
      628.6491733893595,
      2569.328243919021,
      2749.4177565441014,
      2896.47984629619,
      2988.2177485082975,
      3042.866072882604,
      3075.5550108882785,
      3096.1471924797115,
      3106.831977674364,
      3107.452141626641,
      73.38936400309855
    ],
    "pos_1": [
      6.1611283623205715,
      54.805131440869445,
      56.8641677098675,
      61.68498210928058,
      63.89099100091578,
      71.49290185654196,
      79.83836878728945,
      89.20098710818294,
      102.51678746149716,
      121.56115414381908,
      148.92628406677412,
      244.53497201640198,
      207.92885605342877
    ],
    "pos_2": [
      5.642819936502042,
      56.832305645344185,
      57.764688580707954,
      62.97271876547669,
      67.96055109493267,
      76.05120309333284,
      84.13938402201146,
      94.10999988118542,
      108.01594708291341,
      127.15336851997498,
      157.12747945475573,
      255.71644290096378,
      203.37930595280275
    ],
    "pos_3": [
      5.459462568326472,
      57.39237470319786,
      58.39947950575389,
      64.22123139499622,
      69.47077250485901,
      76.74366878278747,
      84.18087151139486,
      93.70983579750481,
      107.5083103959839,
      126.62796146586267,
      156.60022741230594,
      247.61533376514672,
      222.60514709609
    ],
    "pos_4_to_7": [
      5.2398656714024,
      57.35117826218955,
      58.612134488841725,
      64.29495812702615,
      70.19930777243204,
      76.88550119251923,
      83.76401497191172,
      93.6908877483406,
      107.56882765309511,
      126.65646987317655,
      158.2991354995968,
      244.16968194301265,
      225.22969953086098
    ],
    "pos_8_to_15": [
      5.034695853111686,
      55.71506012494358,
      58.63700494614083,
      63.63352621909719,
      69.43202765067069,
      75.52354826558216,
      82.19750138459003,
      91.9693342258447,
      105.8972500737977,
      124.73013289621287,
      156.25198995018286,
      235.71951152136361,
      236.0814712240203
    ],
    "pos_16_to_127": [
      4.696613605644983,
      51.78948199693319,
      58.0440830246696,
      62.56214142329418,
      67.87587352268335,
      73.01395575084739,
      79.71762666179959,
      88.7668960264568,
      102.60840515687731,
      121.89713105234283,
      153.16252470980479,
      223.18181870324182,
      246.62229507452685
    ]
  },
  "layer_write_rms_norm": {
    "pos_0": [
      131.64881488804136,
      519.9912409118061,
      2333.7638858719192,
      181.44168002957073,
      147.72954447417374,
      96.04429176919008,
      57.86095361825003,
      35.921285616970565,
      25.020843819248903,
      16.808107958171405,
      21.053842231047028,
      3106.023170792517
    ],
    "pos_1": [
      53.67049173185632,
      16.352817128215847,
      15.35984508148191,
      15.272912213983053,
      18.436589933015114,
      19.264822616017927,
      20.669016853134814,
      26.32749319705109,
      31.88575222200636,
      41.5407682810793,
      116.13922367099904,
      273.0190771794276
    ],
    "pos_2": [
      56.0481371390505,
      15.854269534498718,
      15.929241449192347,
      17.37552910966513,
      19.206886363884337,
      20.74356038925528,
      22.98619967543132,
      28.989302536626482,
      34.37405277681086,
      46.43147856948384,
      121.50550810961848,
      279.73738818337506
    ],
    "pos_3": [
      56.66096644435394,
      16.157610395108392,
      16.499230887087357,
      17.181062331966537,
      18.464934908692502,
      19.88144118820597,
      22.905061157517974,
      29.152489717136746,
      34.735979943169944,
      47.63990234147191,
      115.56733491313963,
      282.93696932935654
    ],
    "pos_4_to_7": [
      56.74899331752728,
      15.382841671104456,
      16.743896120257237,
      17.93439867075515,
      18.451130775795292,
      20.05426915098478,
      23.824671145858332,
      29.521361533939295,
      35.39637537476455,
      49.996212226236366,
      111.00398315528832,
      280.583802394648
    ],
    "pos_8_to_15": [
      55.18333798180032,
      14.298912333615714,
      16.524350614249315,
      17.83187752523071,
      18.27411551129072,
      20.475602467090233,
      24.47707929300916,
      30.28046049258613,
      36.35134953461876,
      51.08487911886338,
      106.2982893874078,
      277.1827955662602
    ],
    "pos_16_to_127": [
      51.14987661943494,
      14.205937390756338,
      15.725523325941415,
      17.21278867057172,
      17.574242484980754,
      20.750315204165478,
      24.50530356820031,
      30.850973910538578,
      38.203637019144544,
      52.477903971682146,
      99.366592358862,
      269.74011820889626
    ]
  }
}