{
  "model": "openai-community/gpt2",
  "layer": 6,
  "mean_register_norm": 3042.46142578125,
  "cos_register_unembed_mean": -0.1674824059009552,
  "cos_register_top_pcs": [
    0.2944950461387634,
    0.08193941414356232,
    0.04084499925374985,
    0.05641362816095352,
    0.03064216673374176,
    -0.042260125279426575,
    0.007375314366072416,
    0.0074515193700790405,
    -0.01438082568347454,
    -0.0066711027175188065
  ],
  "top_pc_explained_var": [
    0.018109297172125616,
    0.008232432378794856,
    0.007169134249030202,
    0.006872678392664839,
    0.006541567689616706,
    0.006115859503041388,
    0.005635482326685798,
    0.005493420100495806,
    0.005228347369814969,
    0.004953823462696826
  ],
  "register_norm_in_top_K_pcs": {
    "1": 0.08672728574013606,
    "2": 0.09344135114769772,
    "5": 0.0992311005960628,
    "10": 0.10137825005469085,
    "50": 0.10626595825129705,
    "100": 0.11170634116830469
  }
}