{
  "model": "EleutherAI/pythia-1.4b",
  "n_sequences": 32,
  "seq_len": 128,
  "baselines": {
    "3": 860.3414916992188,
    "4": 1114.313720703125,
    "23": 85.87342834472656
  },
  "per_head_pos0_norm_after_ablation": {
    "3": [
      859.6995849609375,
      860.09326171875,
      860.3651123046875,
      860.5153198242188,
      856.3563842773438,
      860.3729248046875,
      859.984375,
      860.3333740234375,
      860.1748046875,
      860.3741455078125,
      859.890625,
      859.203857421875,
      860.254150390625,
      860.091552734375,
      860.3086547851562,
      860.569580078125
    ],
    "4": [
      1114.286376953125,
      1114.3463134765625,
      1114.588623046875,
      1114.384765625,
      1114.206298828125,
      1114.2435302734375,
      1114.0947265625,
      1114.46630859375,
      1114.326904296875,
      1113.87353515625,
      1114.2330322265625,
      1114.318603515625,
      1114.105224609375,
      1114.3092041015625,
      1114.3472900390625,
      1111.1973876953125
    ],
    "23": [
      84.87738037109375,
      84.09952545166016,
      85.10113525390625,
      85.66764831542969,
      85.71708679199219,
      85.70015716552734,
      85.38169860839844,
      85.46650695800781,
      83.82030487060547,
      79.8280029296875,
      85.26116943359375,
      84.90571594238281,
      82.33597564697266,
      85.69198608398438,
      83.8393783569336,
      84.72588348388672
    ]
  },
  "mlp_pos0_norm_after_ablation": {
    "3": 76.32049560546875,
    "4": 864.3516845703125,
    "23": 37.05183792114258
  }
}