{
  "model": "EleutherAI/pythia-1.4b",
  "n_sequences": 64,
  "seq_len": 256,
  "n_layers": 24,
  "d_model": 2048,
  "residual_rms_norm": {
    "pos_0": [
      0.9753764808799494,
      32.77188817432554,
      45.60228249375393,
      71.00833854602152,
      862.2900333197061,
      1115.9200590208063,
      1155.1499936426005,
      1221.4989350947058,
      1235.899621733092,
      1258.1780322901445,
      1270.223399396736,
      1277.1639449136903,
      1282.9357568678176,
      1287.4204920838802,
      1291.8025046180628,
      1293.1085819402406,
      1292.864437257441,
      1287.561418437971,
      1282.3405358952043,
      1256.401349713737,
      1248.102199967014,
      1207.6580674232669,
      1177.0699055281295,
      1006.4664344098863,
      83.50907620196423
    ],
    "pos_1": [
      0.9584064490304316,
      30.585522239857447,
      38.07512326436619,
      40.59357286140022,
      42.22902560606502,
      45.0154307717738,
      49.39051007381441,
      51.28000503135335,
      55.29314826335219,
      55.57802259399829,
      55.88948038713847,
      58.45866798890571,
      63.26791417640855,
      68.20568180076515,
      76.19553038136591,
      84.45052952620166,
      91.05340048961739,
      106.97114958371589,
      117.17063368208323,
      134.29312731100111,
      151.63312304343748,
      157.24300166387573,
      158.94999359505238,
      156.10195173647733,
      96.95922733993615
    ],
    "pos_2": [
      0.9256251461066286,
      30.206882485813043,
      36.257382555341806,
      38.49057129180003,
      39.193327499348555,
      41.23366440496443,
      44.94708922130301,
      47.35848252107767,
      51.280336212627134,
      52.62153900436113,
      53.32522656499462,
      57.01089654468785,
      61.67003108289024,
      67.29110641325,
      74.87030921469669,
      83.35886044973573,
      90.65801021914463,
      106.85542383989643,
      117.81413372333758,
      136.40481434489342,
      156.37754559903453,
      163.5856242758714,
      166.56262458954063,
      165.44007955110212,
      101.0051250101712
    ],
    "pos_3": [
      0.9166446266811997,
      29.120449905902348,
      37.23135943893785,
      47.88767116578773,
      243.37925323860787,
      285.1601521431427,
      294.12271673675656,
      308.942389663875,
      312.8730215573216,
      318.4261164224333,
      321.7481694380609,
      324.48222351757,
      327.17067151590913,
      329.61665083112376,
      332.29810462064427,
      334.6885959183446,
      336.6942093816042,
      339.87910609905884,
      342.02996150611,
      342.58132347779963,
      348.9881045874697,
      343.3023674589642,
      338.0706437001532,
      301.6400327386701,
      103.44089283521713
    ],
    "pos_4_to_7": [
      0.9196904268192014,
      27.82212373753115,
      34.69884489637474,
      44.923034845975806,
      215.71089811155176,
      252.70680446539507,
      260.68581453093884,
      273.76713539762284,
      277.4530474611382,
      282.4132098069529,
      285.25884047212145,
      287.8357791517253,
      290.3408255427478,
      292.8861080442988,
      295.613972696024,
      298.428036901624,
      300.93536601502825,
      304.96584260017795,
      308.0795371932305,
      310.73836880211906,
      319.1530117547222,
      315.5008780067889,
      311.94278756765516,
      281.50939929316024,
      105.9762133666704
    ],
    "pos_8_to_15": [
      0.9174813416641604,
      26.763872692772672,
      32.659439015638895,
      41.283065109732064,
      150.0983251877719,
      174.7970774100403,
      181.01895871444836,
      189.91365212610089,
      193.433549009153,
      196.99626359839374,
      198.89783429166505,
      201.63692419036795,
      204.65914283003715,
      208.11734133349546,
      212.21067295606377,
      217.13315796137246,
      221.69677772499793,
      229.16999328918035,
      235.05372925909165,
      243.41245823445058,
      257.09105711423933,
      257.58202045423684,
      256.7257164265411,
      237.9520216650571,
      108.27241985469217
    ],
    "pos_16_to_127": [
      0.9074183019542217,
      25.173224553492926,
      29.49517697094179,
      35.51786301044931,
      60.43975467960305,
      68.60823330648643,
      72.27971301728964,
      75.0284912298079,
      78.79533627415351,
      80.12291297034879,
      81.24357259539251,
      83.9893617607339,
      88.09046011391031,
      93.01461915025493,
      99.52276436055085,
      108.8173021119557,
      117.06154123730482,
      130.24921662171454,
      140.8124686680217,
      158.01473909277934,
      179.5220149979265,
      185.9073817095182,
      189.11481918487857,
      186.40918119468148,
      111.98020279919092
    ]
  },
  "layer_write_rms_norm": {
    "pos_0": [
      32.67344885765667,
      24.988251176070303,
      41.44885512589652,
      812.1850471298089,
      268.28812782389383,
      46.67748000795007,
      73.16602936324482,
      23.26946264298158,
      30.61976310952292,
      21.09033582395587,
      18.29790501093791,
      22.841164668329892,
      23.468163372484792,
      17.968035821405103,
      19.576923988080534,
      16.67892933178821,
      21.235875720170785,
      16.498422258256053,
      35.34580613959335,
      23.53429442794475,
      47.72168199566228,
      37.46365375237748,
      178.1022113986183,
      995.5000490488436
    ],
    "pos_1": [
      30.49529480208247,
      18.345759345096106,
      17.699831084614598,
      18.90988356297723,
      15.764105278393426,
      16.159053773182528,
      15.769871876014113,
      15.620246072459832,
      15.03570138602582,
      15.067463163967243,
      15.57084750544953,
      17.40174974654368,
      17.39573107782641,
      18.394025541698646,
      19.67261540698882,
      19.92709681870569,
      24.102392168154992,
      19.296228807263116,
      24.8937136547102,
      24.518216814850735,
      16.997657614503325,
      17.012387306574478,
      22.796695533344085,
      142.75779048151475
    ],
    "pos_2": [
      30.12138528624638,
      16.171590432137382,
      15.091781108695418,
      16.904098825159515,
      15.12119734070085,
      16.620577202378445,
      16.32509658691435,
      16.082349542892146,
      16.261709835903154,
      15.720442997366431,
      16.570365650284202,
      17.847062426427705,
      17.942023580816088,
      18.58805172581758,
      20.257865084790627,
      20.382366510368424,
      24.502203861685377,
      19.889698855046387,
      26.300295067353957,
      27.015464521894497,
      18.459901397210295,
      18.10868764367726,
      23.5095543613815,
      152.36708154671237
    ],
    "pos_3": [
      29.035902490242172,
      16.990898107958113,
      22.638833427231248,
      214.60237525770202,
      46.931143715067904,
      18.949683094645994,
      22.73965002782049,
      16.490124492557033,
      17.649463719982155,
      16.40943688820665,
      17.259705314949585,
      18.661646894616133,
      18.488114276247245,
      19.308333209743946,
      20.58057918990304,
      20.564698910464898,
      23.94535340248087,
      20.145992963514157,
      26.579865575239516,
      27.46932125257019,
      21.416221623923757,
      20.02606410177005,
      48.684684172506294,
      295.7065763091192
    ],
    "pos_4_to_7": [
      27.737312282766695,
      15.462756328629062,
      21.183536745794292,
      189.2372394555117,
      42.34201835248925,
      18.933656311292378,
      22.034577575564484,
      17.13668774753024,
      18.092135889792885,
      16.651947511464265,
      17.536641075939166,
      18.75732872806082,
      19.272665108292102,
      19.528259380817957,
      21.34290692560961,
      21.360683583664013,
      24.76425332079442,
      21.552212050968297,
      27.922898084123158,
      29.482358158850225,
      22.90032345300882,
      21.59590539002661,
      45.62876599890137,
      273.5143546264704
    ],