{
  "model": "EleutherAI/pythia-1.4b",
  "layer": 12,
  "mean_register_norm": 1287.701416015625,
  "cos_register_unembed_mean": -0.11281666159629822,
  "cos_register_top_pcs": [
    0.13234843313694,
    0.0027042319998145103,
    -0.12465886026620865,
    0.039998169988393784,
    -0.0462014339864254,
    0.042307086288928986,
    -0.018163274973630905,
    0.0134081756696105,
    0.04124734550714493,
    0.007017007563263178
  ],
  "top_pc_explained_var": [
    0.020923897377238904,
    0.0034355817417806665,
    0.002283166776313311,
    0.0019902763407801806,
    0.0019043000039333155,
    0.0017461818734534173,
    0.0017087682018239523,
    0.001623959054988443,
    0.0016106675352824975,
    0.0014830648417009842
  ],
  "register_norm_in_top_K_pcs": {
    "1": 0.017516106280247863,
    "2": 0.017523419714068178,
    "5": 0.03679767477799388,
    "10": 0.040847825923078084,
    "50": 0.05965669146802961,
    "100": 0.08474098029460099
  }
}